"filename", "language", "HTML", "PostCSS", "Markdown", "XML", "Pug", "SCSS", "comment", "blank", "total"
"/Users/darrellparkhouse/development/untitled-ui-kit/README.md", "Markdown", 0, 0, 110, 0, 0, 0, 0, 45, 155
"/Users/darrellparkhouse/development/untitled-ui-kit/about-us.html", "HTML", 12, 0, 0, 0, 0, 0, 0, 1, 13
"/Users/darrellparkhouse/development/untitled-ui-kit/careers.html", "HTML", 12, 0, 0, 0, 0, 0, 0, 1, 13
"/Users/darrellparkhouse/development/untitled-ui-kit/components/_button.html", "HTML", 0, 0, 0, 0, 0, 0, 0, 1, 1
"/Users/darrellparkhouse/development/untitled-ui-kit/components/_card.html", "HTML", 0, 0, 0, 0, 0, 0, 0, 1, 1
"/Users/darrellparkhouse/development/untitled-ui-kit/components/_notification.html", "HTML", 0, 0, 0, 0, 0, 0, 0, 1, 1
"/Users/darrellparkhouse/development/untitled-ui-kit/contact.html", "HTML", 52, 0, 0, 0, 0, 0, 0, 2, 54
"/Users/darrellparkhouse/development/untitled-ui-kit/cookies.html", "HTML", 12, 0, 0, 0, 0, 0, 0, 1, 13
"/Users/darrellparkhouse/development/untitled-ui-kit/css/app.css", "PostCSS", 0, 1244, 0, 0, 0, 0, 1, 348, 1593
"/Users/darrellparkhouse/development/untitled-ui-kit/features.html", "HTML", 9, 0, 0, 0, 0, 0, 0, 1, 10
"/Users/darrellparkhouse/development/untitled-ui-kit/forms.html", "HTML", 15, 0, 0, 0, 0, 0, 0, 0, 15
"/Users/darrellparkhouse/development/untitled-ui-kit/html/index.html", "HTML", 53, 0, 0, 0, 0, 0, 0, 0, 53
"/Users/darrellparkhouse/development/untitled-ui-kit/img/close-icon.svg", "XML", 0, 0, 0, 3, 0, 0, 0, 1, 4
"/Users/darrellparkhouse/development/untitled-ui-kit/img/logo.svg", "XML", 0, 0, 0, 98, 0, 0, 0, 1, 99
"/Users/darrellparkhouse/development/untitled-ui-kit/img/message/Messages/noise.svg", "XML", 0, 0, 0, 11, 0, 0, 0, 1, 12
"/Users/darrellparkhouse/development/untitled-ui-kit/img/notify/Avatar.svg", "XML", 0, 0, 0, 12, 0, 0, 0, 1, 13
"/Users/darrellparkhouse/development/untitled-ui-kit/img/notify/close-icon.svg", "XML", 0, 0, 0, 4, 0, 0, 0, 1, 5
"/Users/darrellparkhouse/development/untitled-ui-kit/img/sm-close-icon.svg", "XML", 0, 0, 0, 3, 0, 0, 0, 1, 4
"/Users/darrellparkhouse/development/untitled-ui-kit/index.html", "HTML", 59, 0, 0, 0, 0, 0, 0, 0, 59
"/Users/darrellparkhouse/development/untitled-ui-kit/landing-page-one.html", "HTML", 162, 0, 0, 0, 0, 0, 15, 30, 207
"/Users/darrellparkhouse/development/untitled-ui-kit/layouts/base.html", "HTML", 33, 0, 0, 0, 0, 0, 0, 0, 33
"/Users/darrellparkhouse/development/untitled-ui-kit/licenses.html", "HTML", 12, 0, 0, 0, 0, 0, 0, 1, 13
"/Users/darrellparkhouse/development/untitled-ui-kit/media-kit.html", "HTML", 12, 0, 0, 0, 0, 0, 0, 1, 13
"/Users/darrellparkhouse/development/untitled-ui-kit/news.html", "HTML", 12, 0, 0, 0, 0, 0, 0, 1, 13
"/Users/darrellparkhouse/development/untitled-ui-kit/notification.html", "HTML", 40, 0, 0, 0, 0, 0, 0, 2, 42
"/Users/darrellparkhouse/development/untitled-ui-kit/overview.html", "HTML", 12, 0, 0, 0, 0, 0, 0, 1, 13
"/Users/darrellparkhouse/development/untitled-ui-kit/pages/notifications.html", "HTML", 240, 0, 0, 0, 0, 0, 0, 1, 241
"/Users/darrellparkhouse/development/untitled-ui-kit/press.html", "HTML", 12, 0, 0, 0, 0, 0, 0, 1, 13
"/Users/darrellparkhouse/development/untitled-ui-kit/pricing.html", "HTML", 12, 0, 0, 0, 0, 0, 0, 1, 13
"/Users/darrellparkhouse/development/untitled-ui-kit/privacy.html", "HTML", 12, 0, 0, 0, 0, 0, 0, 1, 13
"/Users/darrellparkhouse/development/untitled-ui-kit/pug/index.pug", "Pug", 0, 0, 0, 0, 23, 0, 0, 5, 28
"/Users/darrellparkhouse/development/untitled-ui-kit/pug/layouts/base.pug", "Pug", 0, 0, 0, 0, 32, 0, 0, 3, 35
"/Users/darrellparkhouse/development/untitled-ui-kit/pug/pages/notifications.pug", "Pug", 0, 0, 0, 0, 182, 0, 9, 28, 219
"/Users/darrellparkhouse/development/untitled-ui-kit/releases.html", "HTML", 12, 0, 0, 0, 0, 0, 0, 1, 13
"/Users/darrellparkhouse/development/untitled-ui-kit/scss/_icons.scss", "SCSS", 0, 0, 0, 0, 0, 10, 0, 1, 11
"/Users/darrellparkhouse/development/untitled-ui-kit/scss/app.scss", "SCSS", 0, 0, 0, 0, 0, 17, 5, 5, 27
"/Users/darrellparkhouse/development/untitled-ui-kit/scss/components/_badges.scss", "SCSS", 0, 0, 0, 0, 0, 0, 0, 1, 1
"/Users/darrellparkhouse/development/untitled-ui-kit/scss/components/_buttons.scss", "SCSS", 0, 0, 0, 0, 0, 0, 0, 1, 1
"/Users/darrellparkhouse/development/untitled-ui-kit/scss/components/_customers.scss", "SCSS", 0, 0, 0, 0, 0, 18, 0, 5, 23
"/Users/darrellparkhouse/development/untitled-ui-kit/scss/components/_forms.scss", "SCSS", 0, 0, 0, 0, 0, 11, 0, 1, 12
"/Users/darrellparkhouse/development/untitled-ui-kit/scss/components/_header.scss", "SCSS", 0, 0, 0, 0, 0, 37, 1, 8, 46
"/Users/darrellparkhouse/development/untitled-ui-kit/scss/components/_navigation.scss", "SCSS", 0, 0, 0, 0, 0, 0, 0, 1, 1
"/Users/darrellparkhouse/development/untitled-ui-kit/scss/components/_notifications.scss", "SCSS", 0, 0, 0, 0, 0, 83, 4, 11, 98
"/Users/darrellparkhouse/development/untitled-ui-kit/scss/components/_tables.scss", "SCSS", 0, 0, 0, 0, 0, 3, 0, 0, 3
"/Users/darrellparkhouse/development/untitled-ui-kit/scss/partials/_base.scss", "SCSS", 0, 0, 0, 0, 0, 26, 0, 5, 31
"/Users/darrellparkhouse/development/untitled-ui-kit/scss/partials/_footer.scss", "SCSS", 0, 0, 0, 0, 0, 22, 0, 3, 25
"/Users/darrellparkhouse/development/untitled-ui-kit/scss/partials/_grid.scss", "SCSS", 0, 0, 0, 0, 0, 0, 0, 1, 1
"/Users/darrellparkhouse/development/untitled-ui-kit/scss/partials/_layout.scss", "SCSS", 0, 0, 0, 0, 0, 0, 0, 1, 1
"/Users/darrellparkhouse/development/untitled-ui-kit/scss/partials/_mixins.scss", "SCSS", 0, 0, 0, 0, 0, 34, 0, 7, 41
"/Users/darrellparkhouse/development/untitled-ui-kit/scss/partials/_reset.scss", "SCSS", 0, 0, 0, 0, 0, 85, 12, 16, 113
"/Users/darrellparkhouse/development/untitled-ui-kit/scss/partials/_utilities.scss", "SCSS", 0, 0, 0, 0, 0, 65, 10, 10, 85
"/Users/darrellparkhouse/development/untitled-ui-kit/scss/partials/_variables.scss", "SCSS", 0, 0, 0, 0, 0, 198, 22, 26, 246
"/Users/darrellparkhouse/development/untitled-ui-kit/settings.html", "HTML", 12, 0, 0, 0, 0, 0, 0, 1, 13
"/Users/darrellparkhouse/development/untitled-ui-kit/solutions.html", "HTML", 9, 0, 0, 0, 0, 0, 0, 1, 10
"/Users/darrellparkhouse/development/untitled-ui-kit/tables.html", "HTML", 21, 0, 0, 0, 0, 0, 0, 1, 22
"/Users/darrellparkhouse/development/untitled-ui-kit/terms.html", "HTML", 12, 0, 0, 0, 0, 0, 0, 1, 13
"/Users/darrellparkhouse/development/untitled-ui-kit/test.html", "HTML", 16, 0, 0, 0, 0, 0, 0, 0, 16
"/Users/darrellparkhouse/development/untitled-ui-kit/tutorials.html", "HTML", 12, 0, 0, 0, 0, 0, 0, 1, 13
"Total", "-", 877, 1244, 110, 131, 237, 609, 79, 593, 3880